{
  "description": "项目配置文件",
  "cloudfunctionRoot": "cloud/",
  "packOptions": {
    "ignore": []
  },
  "setting": {
    "urlCheck": false,
    "es6": true,
    "enhance": true,
    "postcss": true,
    "preloadBackgroundData": false,
    "minified": true,
    "newFeature": false,
    "coverView": true,
    "nodeModules": false,
    "autoAudits": false,
    "showShadowRootInWxmlPanel": true,
    "scopeDataCheck": false,
    "uglifyFileName": false,
    "checkInvalidKey": true,
    "checkSiteMap": true,
    "uploadWithSourceMap": true,
    "compileHotReLoad": false,
    "useMultiFrameRuntime": false,
    "useApiHook": true,
    "babelSetting": {
      "ignore": [],
      "disablePlugins": [],
      "outputPath": ""
    },
    "useIsolateContext": true,
    "useCompilerModule": true,
    "userConfirmedUseCompilerModuleSwitch": false,
    "packNpmManually": false,
    "packNpmRelationList": [],
    "minifyWXSS": true
  },
  "compileType": "miniprogram",
  "libVersion": "2.13.1",
  "appid": "wx8a594ab591ef4f33",
  "projectname": "%E7%91%9E%E6%96%87",
  "debugOptions": {
    "hidedInDevtools": []
  },
  "scripts": {},
  "isGameTourist": false,
  "simulatorType": "wechat",
  "simulatorPluginLibVersion": {},
  "condition": {
    "search": {
      "list": []
    },
    "conversation": {
      "list": []
    },
    "plugin": {
      "list": []
    },
    "game": {
      "list": []
    },
    "gamePlugin": {
      "list": []
    },
    "miniprogram": {
      "list": [
        {
          "id": -1,
          "name": "首页",
          "pathName": "pages/index/index",
          "query": "",
          "scene": null
        },
        {
          "id": -1,
          "name": "个人中心",
          "pathName": "pages/user/index",
          "query": "",
          "scene": null
        },
        {
          "id": -1,
          "name": "登录",
          "pathName": "pages/login/index",
          "query": "",
          "scene": null
        },
        {
          "id": -1,
          "name": "关于测试",
          "pathName": "pages/aboutTest/index",
          "query": "",
          "scene": null
        },
        {
          "id": -1,
          "name": "开始测试",
          "pathName": "pages/beginTest/index",
          "query": "",
          "scene": null
        },
        {
          "id": -1,
          "name": "意见反馈",
          "pathName": "pages/suggestion/index",
          "query": "",
          "scene": null
        },
        {
          "id": -1,
          "name": "指导语",
          "pathName": "pages/introduction/index",
          "query": "",
          "scene": null
        },
        {
          "id": -1,
          "name": "年龄选择",
          "pathName": "pages/age/index",
          "query": "",
          "scene": null
        },
        {
          "id": -1,
          "name": "测试结果",
          "pathName": "pages/result/index",
          "query": "",
          "scene": null
        },
        {
          "id": -1,
          "name": "历史记录",
          "pathName": "pages/record/index",
          "scene": null
        }
      ]
    }
  }
}