{"_id":"d782d4875f87ec70013cddc13d440f34","_openid":"on1Hn5ZgxX4tdxGebIBBtibbkc-U","avatarUrl":"https://thirdwx.qlogo.cn/mmopen/vi_32/NHQ0eTaiaCmst7PaViaAZl8vkRXyKVSS7SFLZ00TTxyyzMEIL57IeunA9C1ZyrjbQ4vIUHolpwpjbAevmMiav7VBQ/132","content":"谢谢你的意见","date":"2020年10月15日 14:30","name":"pie丶Xin"}
{"_id":"e656fa635f87ecd9019198bf4bb17c6a","_openid":"on1Hn5ZgxX4tdxGebIBBtibbkc-U","avatarUrl":"https://thirdwx.qlogo.cn/mmopen/vi_32/NHQ0eTaiaCmst7PaViaAZl8vkRXyKVSS7SFLZ00TTxyyzMEIL57IeunA9C1ZyrjbQ4vIUHolpwpjbAevmMiav7VBQ/132","content":"谢谢你的意见","date":"2020年10月15日 14:31","name":"pie丶Xin"}
{"_id":"b8df3bd65f87ece8015e1bb52e6aebad","_openid":"on1Hn5ZgxX4tdxGebIBBtibbkc-U","avatarUrl":"https://thirdwx.qlogo.cn/mmopen/vi_32/NHQ0eTaiaCmst7PaViaAZl8vkRXyKVSS7SFLZ00TTxyyzMEIL57IeunA9C1ZyrjbQ4vIUHolpwpjbAevmMiav7VBQ/132","content":"","date":"2020年10月15日 14:32","name":"pie丶Xin"}
{"_id":"b8df3bd65f89261c016722b41d32e290","_openid":"on1Hn5ZgxX4tdxGebIBBtibbkc-U","avatarUrl":"https://thirdwx.qlogo.cn/mmopen/vi_32/NHQ0eTaiaCmst7PaViaAZl8vkRXyKVSS7SFLZ00TTxyyzMEIL57IeunA9C1ZyrjbQ4vIUHolpwpjbAevmMiav7VBQ/132","content":"嘻嘻","date":"2020年10月16日 12:48","name":"pie丶Xin"}
