{"_id":"982133855ebff8cd00d82b1a79f29f78","iqs":"100","iq":"100-110","date":"2020-10-11","note":"智力中等，正常","min":"10min","count":0.0,"counts":[1.0,1.0,1.0,1.0,1.0],"openid":"on1Hn5ZgxX4tdxGebIBBtibbkc-U","rank":"一级"}
{"_id":"982133855ec0122e00d8ef492ccfddee","counts":[2.0,2.0,2.0,2.0,2.0],"iqs":100.0,"note":"智力中等，正常","openid":"on1Hn5ZgxX4tdxGebIBBtibbkc-U","_openid":"oa_JW45ZQ_P9bunw0Ff-8LEvaed8","iq":"100-110","count":10.0,"min":"10min","date":"2020-10-11","rank":"一级"}
{"_id":"d81cd5415f892509015837371067adc7","date":"2020-10-16","hasUserInfo":false,"iqs":75.0,"note":"智力存在缺陷","rank":"8级","count":10.0,"counts":[1.0,2.0,3.0,2.0,2.0],"iq":"75以下","min":2.0,"_openid":"on1Hn5ZgxX4tdxGebIBBtibbkc-U","canIUse":true}
{"_id":"e656fa635f8925cb019bf24572fedd1f","count":12.0,"date":"2020-10-16","hasUserInfo":false,"iqs":75.0,"min":2.0,"rank":"8级","canIUse":true,"counts":[5.0,1.0,1.0,2.0,3.0],"iq":"75以下","note":"智力存在缺陷","_openid":"on1Hn5ZgxX4tdxGebIBBtibbkc-U"}
{"_id":"1b64dd7b5f8926f80195a27e2681c6f6","_openid":"on1Hn5ZgxX4tdxGebIBBtibbkc-U","counts":[1.0,2.0,4.0,1.0,1.0],"iq":"75以下","iqs":75.0,"note":"智力存在缺陷","rank":"8级","canIUse":true,"count":9.0,"date":"2020-10-16","hasUserInfo":false,"min":2.0}
