{"_id":"2a625d2b5ea2add70015dd8377c15de1","_openid":"on1Hn5ZgxX4tdxGebIBBtibbkc-U","title":"A6","options":["a61","a62","a63","a64","a65","a66"],"answer":"3"}
{"_id":"2a625d2b5ea2add70015dd8418a9749e","title":"D4","options":["d41","d42","d43","d44","d45","d46"],"answer":"6","_openid":"on1Hn5ZgxX4tdxGebIBBtibbkc-U"}
{"_id":"2a625d2b5ea2add70015dd8548e7c4a0","options":["f101","f102","f103","f104","f105","f106"],"answer":"f3","_openid":"on1Hn5ZgxX4tdxGebIBBtibbkc-U","title":"F10"}
{"_id":"2a625d2b5ea2add70015dd8649c8b850","answer":"5","_openid":"on1Hn5ZgxX4tdxGebIBBtibbkc-U","title":"A12","options":["a121","a122","a123","a124","a125","a126"]}
{"_id":"2a625d2b5ea2add70015dd875f7460f8","_openid":"on1Hn5ZgxX4tdxGebIBBtibbkc-U","title":"B9","options":["b91","b92","b93","b94","b95","b96"],"answer":"4"}
{"_id":"3f8c212f5ea2add70021a355784716c9","title":"A5","options":["a51","a52","a53","a54","a55","a56"],"answer":"6","_openid":"on1Hn5ZgxX4tdxGebIBBtibbkc-U"}
{"_id":"3f8c212f5ea2add70021a3563adf9a59","title":"A11","options":["a111","a112","a113","a114","a115","a116"],"answer":"4","_openid":"on1Hn5ZgxX4tdxGebIBBtibbkc-U"}
{"_id":"3f8c212f5ea2add70021a3576d20b74e","options":["a21","a22","a23","a24","a25","a26"],"answer":"5","_openid":"on1Hn5ZgxX4tdxGebIBBtibbkc-U","title":"A2"}
{"_id":"3f8c212f5ea2add70021a35858e72c58","title":"A4","options":["a41","a42","a43","a44","a45","a46"],"answer":"2","_openid":"on1Hn5ZgxX4tdxGebIBBtibbkc-U"}
{"_id":"3f8c212f5ea2add70021a3597477fee0","title":"B4","options":["b41","b42","b43","b44","b45","b46"],"answer":"2","_openid":"on1Hn5ZgxX4tdxGebIBBtibbkc-U"}
{"_id":"3f8c212f5ea2add70021a35b15f09c72","title":"B1","options":["b11","b12","b13","b14","b15","b16"],"answer":"2","_openid":"on1Hn5ZgxX4tdxGebIBBtibbkc-U"}
{"_id":"3f8c212f5ea2add70021a35c5bc31c30","answer":"4","_openid":"on1Hn5ZgxX4tdxGebIBBtibbkc-U","title":"F8","options":["f81","f82","f83","f84","f85","f86"]}
{"_id":"3f8c212f5ea2add70021a35d58e8eae9","options":["c21","c22","c23","c24","c25","c26"],"answer":"2","_openid":"on1Hn5ZgxX4tdxGebIBBtibbkc-U","title":"C2"}
{"_id":"794792045ea2add7001dd06275140b71","_openid":"on1Hn5ZgxX4tdxGebIBBtibbkc-U","title":"B11","options":["b111","b112","b113","b114","b115","b116"],"answer":"4"}
{"_id":"794792045ea2add7001dd0634a68ffbd","title":"C1","options":["c11","c12","c13","c14","c15","c16"],"answer":"6","_openid":"on1Hn5ZgxX4tdxGebIBBtibbkc-U"}
{"_id":"794792045ea2add7001dd0644a0fc20f","_openid":"on1Hn5ZgxX4tdxGebIBBtibbkc-U","title":"C7","options":["c71","c72","c73","c74","c75","c76"],"answer":"5"}
{"_id":"794792045ea2add7001dd0653723d936","title":"C11","options":["c111","c112","c113","c114","c115","c116"],"answer":"1","_openid":"on1Hn5ZgxX4tdxGebIBBtibbkc-U"}
{"_id":"794792045ea2add7001dd0667c312605","_openid":"on1Hn5ZgxX4tdxGebIBBtibbkc-U","title":"D9","options":["d91","d92","d93","d94","d95","d96"],"answer":"1"}
{"_id":"794792045ea2add7001dd0670d755f46","title":"B3","options":["b31","b32","b33","b34","b35","b36"],"answer":"1","_openid":"on1Hn5ZgxX4tdxGebIBBtibbkc-U"}
{"_id":"794792045ea2add7001dd06849b4d9f0","title":"F11","options":["f111","f112","f113","f114","f115","f116"],"answer":"5","_openid":"on1Hn5ZgxX4tdxGebIBBtibbkc-U"}
{"_id":"794792045ea2add7001dd0696770fe9e","answer":"3","_openid":"on1Hn5ZgxX4tdxGebIBBtibbkc-U","title":"B6","options":["b61","b62","b63","b64","b65","b66"]}
{"_id":"794792045ea2add7001dd06a41cfba90","title":"F1","options":["f11","f12","f13","f14","f15","f16"],"answer":"4","_openid":"on1Hn5ZgxX4tdxGebIBBtibbkc-U"}
{"_id":"794792045ea2add7001dd06b7702e72e","_openid":"on1Hn5ZgxX4tdxGebIBBtibbkc-U","title":"F5","options":["f51","f52","f53","f54","f55","f56"],"answer":"2"}
{"_id":"87017e375ea2add7001a464b14eabbb0","title":"A10","options":["a101","a102","a103","a104","a105","a106"],"answer":"3","_openid":"on1Hn5ZgxX4tdxGebIBBtibbkc-U"}
{"_id":"87017e375ea2add7001a464c5b1fd0dc","title":"D1","options":["d11","d12","d13","d14","d15","d16"],"answer":"3","_openid":"on1Hn5ZgxX4tdxGebIBBtibbkc-U"}
{"_id":"87017e375ea2add7001a464d1d893584","_openid":"on1Hn5ZgxX4tdxGebIBBtibbkc-U","title":"B10","options":["b101","b102","b103","b104","b105","b106"],"answer":"3"}
{"_id":"87017e375ea2add7001a464e0467fbf7","_openid":"on1Hn5ZgxX4tdxGebIBBtibbkc-U","title":"D2","options":["d21","d22","d23","d24","d25","d26"],"answer":"4"}
{"_id":"87017e375ea2add7001a464f4476fcb7","title":"F6","options":["f61","f62","f63","f64","f65","f66"],"answer":"1","_openid":"on1Hn5ZgxX4tdxGebIBBtibbkc-U"}
{"_id":"87017e375ea2add7001a46502a8a1732","title":"C4","options":["c41","c42","c43","c44","c45","c46"],"answer":"6","_openid":"on1Hn5ZgxX4tdxGebIBBtibbkc-U"}
{"_id":"87017e375ea2add7001a4651130644af","title":"F4","options":["f41","f42","f43","f44","f45","f46"],"answer":"6","_openid":"on1Hn5ZgxX4tdxGebIBBtibbkc-U"}
{"_id":"87017e375ea2add7001a4652170d56ee","_openid":"on1Hn5ZgxX4tdxGebIBBtibbkc-U","title":"D7","options":["d71","d72","d73","d74","d75","d76"],"answer":"5"}
{"_id":"b5ad2e925ea2add7001ac179470b205a","_openid":"on1Hn5ZgxX4tdxGebIBBtibbkc-U","title":"C3","options":["c31","c32","c33","c34","c35","c36"],"answer":"3"}
{"_id":"b5ad2e925ea2add7001ac17a78f25a6b","options":["d81","d82","d83","d84","d85","d86"],"answer":"4","_openid":"on1Hn5ZgxX4tdxGebIBBtibbkc-U","title":"D8"}
{"_id":"b5ad2e925ea2add7001ac17b2cf70236","title":"B12","options":["b121","b122","b123","b124","b125","b126"],"answer":"5","_openid":"on1Hn5ZgxX4tdxGebIBBtibbkc-U"}
{"_id":"b7ef76b45ea2add7001c2c80004e22af","_openid":"on1Hn5ZgxX4tdxGebIBBtibbkc-U","title":"A3","options":["a31","a32","a33","a34","a35","a36"],"answer":"1"}
{"_id":"b7ef76b45ea2add7001c2c814d45190c","title":"B8","options":["b81","b82","b83","b84","b85","b86"],"answer":"6","_openid":"on1Hn5ZgxX4tdxGebIBBtibbkc-U"}
{"_id":"b7ef76b45ea2add7001c2c821c93fe1a","_openid":"on1Hn5ZgxX4tdxGebIBBtibbkc-U","title":"A8","options":["a81","a82","a83","a84","a85","a86"],"answer":"2"}
{"_id":"b7ef76b45ea2add7001c2c835b04cc74","answer":"6","_openid":"on1Hn5ZgxX4tdxGebIBBtibbkc-U","title":"C5","options":["c51","c52","c53","c54","c55","c56"]}
{"_id":"b7ef76b45ea2add7001c2c843e087c25","answer":"5","_openid":"on1Hn5ZgxX4tdxGebIBBtibbkc-U","title":"B7","options":["b71","b72","b73","b74","b75","b76"]}
{"_id":"b7ef76b45ea2add7001c2c855a531153","answer":"2","_openid":"on1Hn5ZgxX4tdxGebIBBtibbkc-U","title":"C12","options":["c121","c122","c123","c124","c125","c126"]}
{"_id":"b7ef76b45ea2add7001c2c866e9cc3bc","_openid":"on1Hn5ZgxX4tdxGebIBBtibbkc-U","title":"D3","options":["d31","d32","d33","d34","d35","d36"],"answer":"3"}
{"_id":"b7ef76b45ea2add7001c2c872d7d7604","answer":"6","_openid":"on1Hn5ZgxX4tdxGebIBBtibbkc-U","title":"D5","options":["d51","d52","d53","d54","d55","d56"]}
{"_id":"b7ef76b45ea2add7001c2c89002f4c3f","title":"C10","options":["c101","c102","c103","c104","c105","c106"],"answer":"6","_openid":"on1Hn5ZgxX4tdxGebIBBtibbkc-U"}
{"_id":"b7ef76b45ea2add7001c2c8a7a1c2ef4","options":["f91","f92","f93","f94","f95","f96"],"answer":"6","_openid":"on1Hn5ZgxX4tdxGebIBBtibbkc-U","title":"F9"}
{"_id":"b7ef76b45ea2add7001c2c8b10b06547","title":"C6","options":["c61","c62","c63","c64","c65","c66"],"answer":"4","_openid":"on1Hn5ZgxX4tdxGebIBBtibbkc-U"}
{"_id":"b7ef76b45ea2add7001c2c8c202e5ad3","title":"D11","options":["d111","d112","d113","d114","d115","d116"],"answer":"5","_openid":"on1Hn5ZgxX4tdxGebIBBtibbkc-U"}
{"_id":"b7ef76b45ea2add7001c2c8e77029ee2","title":"D12","options":["d121","d122","d123","d124","d125","d126"],"answer":"6","_openid":"on1Hn5ZgxX4tdxGebIBBtibbkc-U"}
{"_id":"b7ef76b45ea2add7001c2c8f25d43162","options":["f71","f72","f73","f74","f75","f76"],"answer":"3","_openid":"on1Hn5ZgxX4tdxGebIBBtibbkc-U","title":"F7"}
{"_id":"f149f6775ea2add7001c71e948bc5994","answer":"3","_openid":"on1Hn5ZgxX4tdxGebIBBtibbkc-U","title":"A1","options":["a11","a12","a13","a14","a15","a16"]}
{"_id":"f149f6775ea2add7001c71ea0ccf0e71","answer":"1","_openid":"on1Hn5ZgxX4tdxGebIBBtibbkc-U","title":"A9","options":["a91","a92","a93","a94","a95","a96"]}
{"_id":"f149f6775ea2add7001c71eb1e2560ef","title":"B5","options":["b51","b52","b53","b54","b55","b56"],"answer":"1","_openid":"on1Hn5ZgxX4tdxGebIBBtibbkc-U"}
{"_id":"f149f6775ea2add7001c71ec28bfdbde","answer":"6","_openid":"on1Hn5ZgxX4tdxGebIBBtibbkc-U","title":"B2","options":["b21","b22","b23","b24","b25","b26"]}
{"_id":"f149f6775ea2add7001c71ed563433ee","answer":"6","_openid":"on1Hn5ZgxX4tdxGebIBBtibbkc-U","title":"C9","options":["c91","c92","c93","c94","c95","c96"]}
{"_id":"f149f6775ea2add7001c71ee2242fea6","title":"D6","options":["d61","d62","d63","d64","d65","d66"],"answer":"6","_openid":"on1Hn5ZgxX4tdxGebIBBtibbkc-U"}
{"_id":"f149f6775ea2add7001c71ef52d9f842","title":"F3","options":["f31","f32","f33","f34","f35","f36"],"answer":"1","_openid":"on1Hn5ZgxX4tdxGebIBBtibbkc-U"}
{"_id":"fdb5d5d75ea2add70016de574c6729ca","title":"A7","options":["a71","a72","a73","a74","a75","a76"],"answer":"6","_openid":"on1Hn5ZgxX4tdxGebIBBtibbkc-U"}
{"_id":"fdb5d5d75ea2add70016de5860c29019","title":"C8","options":["c81","c82","c83","c84","c85","c86"],"answer":"1","_openid":"on1Hn5ZgxX4tdxGebIBBtibbkc-U"}
{"_id":"fdb5d5d75ea2add70016de5932ef397c","title":"D10","options":["d101","d102","d103","d104","d105","d106"],"answer":"2","_openid":"on1Hn5ZgxX4tdxGebIBBtibbkc-U"}
{"_id":"fdb5d5d75ea2add70016de5a530a6d15","title":"F12","options":["f121","f122","f123","f124","f125","f126"],"answer":"2","_openid":"on1Hn5ZgxX4tdxGebIBBtibbkc-U"}
{"_id":"fdb5d5d75ea2add70016de5d65714f4c","title":"F2","options":["f21","f22","f23","f24","f25","f26"],"answer":"5","_openid":"on1Hn5ZgxX4tdxGebIBBtibbkc-U"}
